{"gradients/fc.bias": {"_type": "histogram", "values": [1.0, 0.0, 0.0, 0.0, 0.0, 0.0, 0.0, 0.0, 0.0, 0.0, 0.0, 0.0, 0.0, 0.0, 0.0, 0.0, 0.0, 0.0, 0.0, 0.0, 0.0, 0.0, 0.0, 0.0, 0.0, 0.0, 0.0, 0.0, 0.0, 0.0, 0.0, 0.0, 0.0, 0.0, 0.0, 0.0, 0.0, 0.0, 1.0, 0.0, 0.0, 1.0, 0.0, 1.0, 3.0, 0.0, 0.0, 0.0, 1.0, 1.0, 0.0, 0.0, 0.0, 0.0, 0.0, 0.0, 0.0, 0.0, 0.0, 0.0, 0.0, 0.0, 0.0, 1.0], "bins": [-0.017050210386514664, -0.016643168404698372, -0.01623612642288208, -0.01582908444106579, -0.015422042459249496, -0.015015000477433205, -0.014607958495616913, -0.014200916513800621, -0.01379387453198433, -0.013386832550168037, -0.012979790568351746, -0.012572748586535454, -0.012165706604719162, -0.01175866462290287, -0.011351622641086578, -0.010944580659270287, -0.01053753774613142, -0.010130495764315128, -0.009723453782498837, -0.009316411800682545, -0.008909369818866253, -0.008502327837049961, -0.00809528585523367, -0.00768824340775609, -0.007281201425939798, -0.0068741594441235065, -0.006467117462307215, -0.006060075480490923, -0.005653033033013344, -0.005245991051197052, -0.00483894906938076, -0.004431907087564468, -0.004024865105748177, -0.0036178231239318848, -0.003210781142115593, -0.0028037389274686575, -0.0023966969456523657, -0.001989654963836074, -0.0015826128656044602, -0.0011755707673728466, -0.0007685287855565548, -0.00036148674553260207, 4.555529449135065e-05, 0.0004525973345153034, 0.0008596393745392561, 0.001266681356355548, 0.0016737234545871615, 0.002080765552818775, 0.002487807534635067, 0.002894849516451359, 0.0033018914982676506, 0.003708933712914586, 0.004115975461900234, 0.004523017909377813, 0.004930059891194105, 0.005337101873010397, 0.005744143854826689, 0.006151185836642981, 0.006558227818459272, 0.006965269800275564, 0.007372312247753143, 0.007779354229569435, 0.008186396211385727, 0.008593438193202019, 0.00900048017501831]}, "_timestamp": 1674136770.131365, "gradients/fc.weight": {"_type": "histogram", "values": [1.0, 0.0, 0.0, 0.0, 0.0, 0.0, 1.0, 0.0, 1.0, 1.0, 0.0, 0.0, 1.0, 0.0, 1.0, 3.0, 3.0, 3.0, 0.0, 1.0, 2.0, 5.0, 9.0, 6.0, 7.0, 6.0, 8.0, 11.0, 13.0, 13.0, 20.0, 17.0, 21.0, 23.0, 24.0, 28.0, 30.0, 34.0, 41.0, 69.0, 119.0, 325.0, 13245.0, 951.0, 266.0, 126.0, 72.0, 47.0, 41.0, 25.0, 10.0, 15.0, 14.0, 6.0, 2.0, 6.0, 2.0, 1.0, 0.0, 2.0, 1.0, 0.0, 0.0, 1.0], "bins": [-0.09891539812088013, -0.096580371260643, -0.09424535185098648, -0.09191032499074936, -0.08957530558109283, -0.08724027872085571, -0.08490525931119919, -0.08257023245096207, -0.08023521304130554, -0.07790018618106842, -0.0755651667714119, -0.07323013991117477, -0.07089512050151825, -0.06856009364128113, -0.0662250742316246, -0.06389004737138748, -0.06155502423644066, -0.059220001101493835, -0.05688497796654701, -0.05454995483160019, -0.052214931696653366, -0.04987990856170654, -0.04754488542675972, -0.0452098622918129, -0.042874835431575775, -0.04053981229662895, -0.03820478916168213, -0.035869766026735306, -0.03353474289178848, -0.03119971789419651, -0.028864694759249687, -0.026529671624302864, -0.02419465035200119, -0.021859627217054367, -0.019524604082107544, -0.01718958094716072, -0.014854556880891323, -0.0125195337459445, -0.010184509679675102, -0.007849486544728279, -0.005514463409781456, -0.0031794400420039892, -0.0008444166742265224, 0.0014906066935509443, 0.003825630061328411, 0.006160653196275234, 0.008495677262544632, 0.010830700397491455, 0.013165723532438278, 0.015500746667385101, 0.017835769802331924, 0.020170792937278748, 0.02250581607222557, 0.024840841069817543, 0.027175864204764366, 0.02951088733971119, 0.03184591233730316, 0.034180935472249985, 0.03651595860719681, 0.03885098174214363, 0.041186004877090454, 0.04352102801203728, 0.0458560511469841, 0.04819107428193092, 0.05052609741687775]}, "gradients/conv2.0.weight": {"_type": "histogram", "values": [1.0, 2.0, 0.0, 1.0, 1.0, 6.0, 2.0, 3.0, 3.0, 1.0, 9.0, 6.0, 10.0, 6.0, 8.0, 14.0, 17.0, 15.0, 18.0, 24.0, 30.0, 38.0, 52.0, 69.0, 95.0, 136.0, 219.0, 288.0, 451.0, 596.0, 742.0, 1065.0, 1335.0, 2233.0, 1318.0, 973.0, 700.0, 532.0, 407.0, 306.0, 230.0, 176.0, 142.0, 120.0, 99.0, 60.0, 56.0, 41.0, 25.0, 32.0, 20.0, 18.0, 7.0, 10.0, 5.0, 3.0, 3.0, 6.0, 7.0, 3.0, 1.0, 1.0, 0.0, 3.0], "bins": [-0.011614004150032997, -0.011266954243183136, -0.01091990526765585, -0.010572856292128563, -0.010225806385278702, -0.00987875647842884, -0.009531707502901554, -0.009184658527374268, -0.008837608620524406, -0.008490558713674545, -0.008143509738147259, -0.007796460296958685, -0.007449410855770111, -0.007102361414581537, -0.006755311973392963, -0.00640826253220439, -0.006061213091015816, -0.005714163649827242, -0.005367114208638668, -0.005020064767450094, -0.00467301532626152, -0.0043259658850729465, -0.003978916443884373, -0.003631867002695799, -0.003284817561507225, -0.002937768120318651, -0.0025907186791300774, -0.0022436692379415035, -0.0018966197967529297, -0.0015495703555643559, -0.001202520914375782, -0.0008554714731872082, -0.0005084220319986343, -0.0001613725908100605, 0.00018567685037851334, 0.0005327262915670872, 0.000879775732755661, 0.0012268251739442348, 0.0015738746151328087, 0.0019209240563213825, 0.0022679734975099564, 0.00261502293869853, 0.002962072379887104, 0.003309121821075678, 0.0036561712622642517, 0.0040032207034528255, 0.004350270144641399, 0.004697319585829973, 0.005044369027018547, 0.005391418468207121, 0.005738467909395695, 0.006085517350584269, 0.006432566791772842, 0.006779616232961416, 0.00712666567414999, 0.007473715115338564, 0.007820764556527138, 0.008167814463376999, 0.008514863438904285, 0.008861912414431572, 0.009208962321281433, 0.009556012228131294, 0.00990306120365858, 0.010250110179185867, 0.010597160086035728]}, "gradients/conv2.0.bias": {"_type": "histogram", "values": [2.0, 0.0, 0.0, 0.0, 0.0, 0.0, 0.0, 1.0, 0.0, 1.0, 0.0, 0.0, 0.0, 0.0, 1.0, 1.0, 0.0, 1.0, 3.0, 1.0, 1.0, 1.0, 1.0, 1.0, 2.0, 2.0, 1.0, 3.0, 1.0, 0.0, 0.0, 0.0, 0.0, 0.0, 1.0, 1.0, 2.0, 0.0, 0.0, 1.0, 2.0, 0.0, 0.0, 0.0, 0.0, 0.0, 0.0, 0.0, 0.0, 0.0, 0.0, 0.0, 0.0, 0.0, 0.0, 0.0, 0.0, 0.0, 0.0, 0.0, 0.0, 0.0, 0.0, 1.0], "bins": [-0.008532552048563957, -0.008184903301298618, -0.007837255485355854, -0.007489606738090515, -0.007141957990825176, -0.006794309709221125, -0.006446661427617073, -0.006099012680351734, -0.005751364398747683, -0.005403716117143631, -0.005056067369878292, -0.0047084190882742405, -0.004360770806670189, -0.00401312205940485, -0.0036654737778007984, -0.003317825263366103, -0.002970176748931408, -0.0026225282344967127, -0.0022748797200620174, -0.0019272314384579659, -0.0015795829240232706, -0.0012319344095885754, -0.000884286011569202, -0.0005366375553421676, -0.00018898909911513329, 0.00015865935711190104, 0.0005063078133389354, 0.0008539562695659697, 0.001201604725793004, 0.0015492532402276993, 0.0018969016382470727, 0.002244550036266446, 0.002592199482023716, 0.002939847996458411, 0.0032874965108931065, 0.003635144792497158, 0.003982793539762497, 0.0043304418213665485, 0.0046780901029706, 0.005025738850235939, 0.005373387131839991, 0.005721035413444042, 0.006068684160709381, 0.006416332442313433, 0.006763980723917484, 0.007111629471182823, 0.007459277752786875, 0.007806926500052214, 0.008154574781656265, 0.008502223528921604, 0.008849871344864368, 0.009197520092129707, 0.009545168839395046, 0.00989281665533781, 0.01024046540260315, 0.010588114149868488, 0.010935762897133827, 0.011283411644399166, 0.01163105946034193, 0.01197870820760727, 0.012326356954872608, 0.012674004770815372, 0.013021653518080711, 0.01336930226534605, 0.013716950081288815]}, "gradients/conv1.0.weight": {"_type": "histogram", "values": [2.0, 1.0, 1.0, 4.0, 2.0, 4.0, 3.0, 2.0, 3.0, 2.0, 6.0, 10.0, 5.0, 10.0, 24.0, 13.0, 23.0, 34.0, 43.0, 49.0, 45.0, 37.0, 19.0, 17.0, 12.0, 8.0, 3.0, 5.0, 1.0, 0.0, 2.0, 2.0, 0.0, 1.0, 1.0, 1.0, 0.0, 0.0, 0.0, 0.0, 1.0, 0.0, 1.0, 0.0, 0.0, 1.0, 0.0, 0.0, 0.0, 0.0, 0.0, 0.0, 0.0, 0.0, 0.0, 1.0, 0.0, 0.0, 0.0, 0.0, 0.0, 0.0, 0.0, 1.0],