{"gradients/fc.bias": {"_type": "histogram", "values": [1.0, 0.0, 0.0, 0.0, 0.0, 0.0, 0.0, 0.0, 0.0, 0.0, 0.0, 0.0, 0.0, 0.0, 0.0, 0.0, 0.0, 0.0, 0.0, 0.0, 0.0, 0.0, 0.0, 0.0, 0.0, 0.0, 0.0, 0.0, 0.0, 0.0, 0.0, 0.0, 2.0, 0.0, 0.0, 2.0, 3.0, 0.0, 0.0, 0.0, 0.0, 0.0, 0.0, 0.0, 1.0, 0.0, 0.0, 0.0, 0.0, 0.0, 0.0, 0.0, 0.0, 0.0, 0.0, 0.0, 0.0, 0.0, 0.0, 0.0, 0.0, 0.0, 0.0, 1.0], "bins": [-5.359621354728006e-05, -5.208130824030377e-05, -5.056640657130629e-05, -4.905150126433e-05, -4.753659595735371e-05, -4.602169428835623e-05, -4.450678898137994e-05, -4.299188367440365e-05, -4.147698200540617e-05, -3.996207669842988e-05, -3.84471750294324e-05, -3.693226972245611e-05, -3.5417364415479824e-05, -3.390246274648234e-05, -3.2387557439506054e-05, -3.0872652132529765e-05, -2.9357746825553477e-05, -2.7842843337566592e-05, -2.6327938030590303e-05, -2.4813034542603418e-05, -2.329812923562713e-05, -2.1783225747640245e-05, -2.026832225965336e-05, -1.875341695267707e-05, -1.7238513464690186e-05, -1.57236099767033e-05, -1.4208704669727013e-05, -1.2693801181740128e-05, -1.117889678425854e-05, -9.663992386776954e-06, -8.149088898790069e-06, -6.634184501308482e-06, -5.119276465848088e-06, -3.604372295740177e-06, -2.0894681256322656e-06, -5.745639555243542e-07, 9.403402145835571e-07, 2.4552443846914684e-06, 3.97014855479938e-06, 5.485052497533616e-06, 6.9999568950152025e-06, 8.51486129249679e-06, 1.0029765689978376e-05, 1.1544669177965261e-05, 1.3059573575446848e-05, 1.4574477972928435e-05, 1.608938146091532e-05, 1.7604286767891608e-05, 1.9119190255878493e-05, 2.0634093743865378e-05, 2.2148999050841667e-05, 2.3663902538828552e-05, 2.517880784580484e-05, 2.6693711333791725e-05, 2.820861482177861e-05, 2.97235201287549e-05, 3.123842179775238e-05, 3.275332710472867e-05, 3.426822877372615e-05, 3.578313408070244e-05, 3.729803938767873e-05, 3.881294105667621e-05, 4.03278463636525e-05, 4.1842751670628786e-05, 4.3357656977605075e-05]}, "_timestamp": 1674136119.988777, "gradients/fc.weight": {"_type": "histogram", "values": [1.0, 0.0, 0.0, 0.0, 1.0, 1.0, 1.0, 0.0, 2.0, 2.0, 0.0, 2.0, 2.0, 3.0, 4.0, 2.0, 4.0, 5.0, 7.0, 7.0, 8.0, 4.0, 6.0, 12.0, 12.0, 14.0, 10.0, 16.0, 13.0, 22.0, 22.0, 27.0, 36.0, 51.0, 44.0, 133.0, 13289.0, 1309.0, 166.0, 109.0, 84.0, 60.0, 37.0, 25.0, 23.0, 20.0, 21.0, 7.0, 7.0, 10.0, 9.0, 8.0, 3.0, 2.0, 4.0, 5.0, 1.0, 2.0, 1.0, 1.0, 1.0, 1.0, 0.0, 1.0], "bins": [-0.0005396370543166995, -0.0005250184913165867, -0.0005103999865241349, -0.0004957814235240221, -0.0004811628896277398, -0.000466544326627627, -0.0004519257927313447, -0.0004373072588350624, -0.00042268872493878007, -0.00040807019104249775, -0.000393451628042385, -0.00037883309414610267, -0.00036421456024982035, -0.0003495959972497076, -0.00033497746335342526, -0.00032035892945714295, -0.0003057403664570302, -0.00029112183256074786, -0.0002765032695606351, -0.0002618847356643528, -0.00024726620176807046, -0.00023264765331987292, -0.00021802910487167537, -0.00020341057097539306, -0.0001887920225271955, -0.00017417347407899797, -0.00015955494018271565, -0.0001449363917345181, -0.00013031784328632057, -0.00011569930939003825, -0.00010108076094184071, -8.646221976960078e-05, -7.184364949353039e-05, -5.722510832129046e-05, -4.260656351107173e-05, -2.7988020519842394e-05, -1.336947752861306e-05, 1.2490654626162723e-06, 1.5867608453845605e-05, 3.0486151445074938e-05, 4.510469443630427e-05, 5.97232356085442e-05, 7.434177678078413e-05, 8.896032522898167e-05, 0.0001035788664012216, 0.00011819740757346153, 0.00013281595602165908, 0.0001474344899179414, 0.00016205303836613894, 0.00017667158681433648, 0.0001912901207106188, 0.00020590866915881634, 0.00022052720305509865, 0.0002351457515032962, 0.00024976429995149374, 0.00026438283384777606, 0.00027900136774405837, 0.0002936199016403407, 0.00030823846464045346, 0.0003228569985367358, 0.0003374755324330181, 0.00035209409543313086, 0.0003667126293294132, 0.0003813311632256955, 0.00039594972622580826]}, "gradients/conv2.0.weight": {"_type": "histogram", "values": [1.0, 0.0, 1.0, 0.0, 1.0, 1.0, 2.0, 0.0, 0.0, 3.0, 0.0, 0.0, 1.0, 1.0, 3.0, 1.0, 4.0, 12.0, 12.0, 6.0, 15.0, 27.0, 28.0, 46.0, 61.0, 78.0, 115.0, 136.0, 163.0, 264.0, 360.0, 525.0, 843.0, 1368.0, 3238.0, 2221.0, 1155.0, 685.0, 447.0, 293.0, 189.0, 144.0, 107.0, 66.0, 44.0, 45.0, 21.0, 15.0, 17.0, 10.0, 4.0, 7.0, 4.0, 3.0, 3.0, 0.0, 1.0, 1.0, 0.0, 0.0, 1.0, 0.0, 0.0, 1.0], "bins": [-0.0001264383172383532, -0.00012280863302294165, -0.00011917896335944533, -0.0001155492864199914, -0.00011191960948053747, -0.00010828992526512593, -0.000104660248325672, -0.00010103057138621807, -9.740089444676414e-05, -9.377121750731021e-05, -9.014154056785628e-05, -8.651186362840235e-05, -8.288217941299081e-05, -7.925250247353688e-05, -7.562282553408295e-05, -7.199314859462902e-05, -6.836347165517509e-05, -6.473379471572116e-05, -6.110411777626723e-05, -5.7474437198834494e-05, -5.3844760259380564e-05, -5.0215083319926634e-05, -4.65854027424939e-05, -4.295572580303997e-05, -3.932604886358604e-05, -3.569637192413211e-05, -3.206669498467818e-05, -2.8437014407245442e-05, -2.4807337467791513e-05, -2.1177660528337583e-05, -1.754798176989425e-05, -1.3918303920945618e-05, -1.0288626071996987e-05, -6.6589482230483554e-06, -3.029270374099724e-06, 6.004074748489074e-07, 4.230085323797539e-06, 7.85976317274617e-06, 1.1489441021694802e-05, 1.5119118870643433e-05, 1.8748796719592065e-05, 2.2378473659045994e-05, 2.6008152417489327e-05, 2.963783117593266e-05, 3.326750811538659e-05, 3.689718505484052e-05, 4.052686563227326e-05, 4.4156542571727186e-05, 4.7786219511181116e-05, 5.1415896450635046e-05, 5.5045573390088975e-05, 5.867525396752171e-05, 6.230492726899683e-05, 6.593461148440838e-05, 6.956428842386231e-05, 7.319396536331624e-05, 7.682364230277017e-05, 8.04533192422241e-05, 8.408299618167803e-05, 8.771267312113196e-05, 9.13423573365435e-05, 9.497203427599743e-05, 9.860171121545136e-05, 0.00010223138815490529, 0.00010586106509435922]}, "gradients/conv2.0.bias": {"_type": "histogram", "values": [1.0, 0.0, 0.0, 0.0, 0.0, 0.0, 1.0, 0.0, 0.0, 0.0, 1.0, 0.0, 2.0, 0.0, 0.0, 1.0, 1.0, 0.0, 0.0, 1.0, 0.0, 2.0, 0.0, 3.0, 2.0, 0.0, 0.0, 0.0, 1.0, 1.0, 0.0, 1.0, 1.0, 0.0, 2.0, 1.0, 2.0, 0.0, 1.0, 2.0, 0.0, 0.0, 0.0, 0.0, 1.0, 1.0, 1.0, 1.0, 0.0, 0.0, 0.0, 0.0, 0.0, 0.0, 0.0, 0.0, 0.0, 0.0, 0.0, 0.0, 0.0, 0.0, 0.0, 1.0], "bins": [-6.501109601231292e-05, -6.27908666501753e-05, -6.0570640926016495e-05, -5.8350415201857686e-05, -5.613018583972007e-05, -5.3909956477582455e-05, -5.1689730753423646e-05, -4.946950502926484e-05, -4.724927566712722e-05, -4.5029046304989606e-05, -4.28088205808308e-05, -4.058859485667199e-05, -3.836836549453437e-05, -3.614813613239676e-05, -3.392791040823795e-05, -3.170768468407914e-05, -2.9487455321941525e-05, -2.7267227778793313e-05, -2.50470002356451e-05, -2.282677269249689e-05, -2.0606545149348676e-05, -1.8386317606200464e-05, -1.6166090063052252e-05, -1.394586251990404e-05, -1.1725634976755828e-05, -9.505407433607616e-06, -7.285179890459403e-06, -5.064952347311191e-06, -2.844724804162979e-06, -6.24497261014767e-07, 1.5957302821334451e-06, 3.815957825281657e-06, 6.036178092472255e-06, 8.256405635620467e-06, 1.047663317876868e-05, 1.2696860721916892e-05, 1.4917088265065104e-05, 1.7137315808213316e-05, 1.9357543351361528e-05, 2.157777089450974e-05, 2.3797998437657952e-05, 2.6018225980806164e-05, 2.8238453523954377e-05, 3.045868106710259e-05, 3.26789086102508e-05, 3.4899137972388417e-05, 3.7119363696547225e-05, 3.9339589420706034e-05, 4.155981878284365e-05, 4.3780048144981265e-05, 4.6000273869140074e-05, 4.822049959329888e-05, 5.04407289554365e-05, 5.2660958317574114e-05, 5.488118404173292e-05, 5.710140976589173e-05, 5.9321639128029346e-05, 6.154186849016696e-05, 6.376209785230458e-05, 6.598231993848458e-05, 6.82025493006222e-05, 7.042277866275981e-05, 7.264300074893981e-05, 7.486323011107743e-05, 7.708345947321504e-05]}, "gradients/conv1.0.weight": {"_type": "histogram",