{"gradients/fc.bias": {"_type": "histogram", "values": [1.0, 0.0, 0.0, 0.0, 0.0, 0.0, 0.0, 0.0, 0.0, 0.0, 0.0, 0.0, 0.0, 0.0, 0.0, 0.0, 0.0, 0.0, 0.0, 0.0, 0.0, 0.0, 0.0, 0.0, 0.0, 0.0, 0.0, 0.0, 0.0, 0.0, 0.0, 0.0, 8.0, 0.0, 0.0, 0.0, 0.0, 0.0, 0.0, 0.0, 0.0, 0.0, 0.0, 0.0, 0.0, 0.0, 0.0, 0.0, 0.0, 0.0, 0.0, 0.0, 0.0, 0.0, 0.0, 0.0, 0.0, 0.0, 0.0, 0.0, 0.0, 0.0, 0.0, 1.0], "bins": [-0.01659597083926201, -0.016083313152194023, -0.015570656396448612, -0.015057999640703201, -0.01454534288495779, -0.014032685197889805, -0.013520028442144394, -0.013007371686398983, -0.012494714930653572, -0.011982058174908161, -0.011469400487840176, -0.010956743732094765, -0.010444086976349354, -0.009931429289281368, -0.009418772533535957, -0.008906115777790546, -0.008393458090722561, -0.00788080133497715, -0.007368144113570452, -0.0068554868921637535, -0.006342830136418343, -0.005830172915011644, -0.005317515693604946, -0.004804858937859535, -0.004292201716452837, -0.0037795447278767824, -0.003266887739300728, -0.0027542305178940296, -0.002241573529317975, -0.0017289165407419205, -0.001216259435750544, -0.0007036023889668286, -0.0001909453421831131, 0.0003217117046006024, 0.0008343687513843179, 0.0013470258563756943, 0.0018596828449517488, 0.0023723398335278034, 0.0028849970549345016, 0.0033976540435105562, 0.003910311032086611, 0.004422968253493309, 0.00493562500923872, 0.005448282230645418, 0.005960939452052116, 0.006473596207797527, 0.0069862534292042255, 0.0074989101849496365, 0.008011567406356335, 0.008524224162101746, 0.009036881849169731, 0.009549538604915142, 0.010062195360660553, 0.010574853047728539, 0.01108750980347395, 0.01160016655921936, 0.012112824246287346, 0.012625481002032757, 0.013138138689100742, 0.013650795444846153, 0.014163452200591564, 0.01467610988765955, 0.01518876664340496, 0.015701424330472946, 0.016214080154895782]}, "_timestamp": 1674136616.405051, "gradients/fc.weight": {"_type": "histogram", "values": [2.0, 0.0, 1.0, 1.0, 1.0, 0.0, 2.0, 2.0, 1.0, 2.0, 4.0, 5.0, 3.0, 6.0, 5.0, 4.0, 5.0, 7.0, 9.0, 8.0, 10.0, 14.0, 16.0, 11.0, 13.0, 11.0, 21.0, 29.0, 33.0, 31.0, 46.0, 60.0, 14973.0, 56.0, 42.0, 32.0, 39.0, 19.0, 20.0, 10.0, 13.0, 14.0, 14.0, 11.0, 12.0, 6.0, 10.0, 7.0, 4.0, 3.0, 8.0, 3.0, 3.0, 5.0, 3.0, 1.0, 1.0, 2.0, 1.0, 1.0, 1.0, 1.0, 0.0, 2.0], "bins": [-0.12120840698480606, -0.11746425926685333, -0.11372010409832001, -0.10997595638036728, -0.10623180866241455, -0.10248766094446182, -0.0987435057759285, -0.09499935805797577, -0.09125521034002304, -0.08751106262207031, -0.08376690745353699, -0.08002275973558426, -0.07627861201763153, -0.0725344642996788, -0.06879030913114548, -0.06504616141319275, -0.06130200996994972, -0.057557858526706696, -0.05381371080875397, -0.05006955936551094, -0.04632541164755821, -0.042581260204315186, -0.03883711248636246, -0.03509296104311943, -0.031348809599876404, -0.027604660019278526, -0.02386051043868065, -0.02011636085808277, -0.016372211277484894, -0.012628060765564442, -0.00888391025364399, -0.005139760673046112, -0.0013956129550933838, 0.0023485368583351374, 0.0060926866717636585, 0.009836836718022823, 0.0135809862986207, 0.017325136810541153, 0.02106928639113903, 0.024813435971736908, 0.028557585552334785, 0.03230173513293266, 0.03604588657617569, 0.03979003429412842, 0.043534185737371445, 0.04727833345532417, 0.0510224848985672, 0.05476663261651993, 0.058510784059762955, 0.06225493550300598, 0.06599908322095871, 0.06974323093891144, 0.07348738610744476, 0.07723153382539749, 0.08097568154335022, 0.08471982926130295, 0.08846398442983627, 0.092208132147789, 0.09595228731632233, 0.09969643503427505, 0.10344058275222778, 0.10718473047018051, 0.11092888563871384, 0.11467303335666656, 0.1184171810746193]}, "gradients/conv2.0.weight": {"_type": "histogram", "values": [1.0, 0.0, 1.0, 3.0, 0.0, 0.0, 1.0, 3.0, 1.0, 1.0, 6.0, 4.0, 6.0, 15.0, 5.0, 6.0, 8.0, 12.0, 17.0, 20.0, 40.0, 41.0, 41.0, 50.0, 93.0, 140.0, 162.0, 267.0, 393.0, 642.0, 1331.0, 5199.0, 1714.0, 947.0, 539.0, 345.0, 212.0, 147.0, 112.0, 80.0, 47.0, 30.0, 33.0, 23.0, 14.0, 6.0, 8.0, 6.0, 6.0, 2.0, 6.0, 3.0, 2.0, 3.0, 1.0, 3.0, 0.0, 0.0, 0.0, 0.0, 0.0, 0.0, 1.0, 1.0], "bins": [-0.036959223449230194, -0.035784654319286346, -0.0346100851893425, -0.03343551233410835, -0.032260943204164505, -0.031086374074220657, -0.02991180308163166, -0.028737232089042664, -0.027562662959098816, -0.026388093829154968, -0.02521352283656597, -0.024038951843976974, -0.022864382714033127, -0.02168981358408928, -0.020515242591500282, -0.019340671598911285, -0.018166102468967438, -0.01699153333902359, -0.015816962346434593, -0.014642392285168171, -0.013467822223901749, -0.012293252162635326, -0.011118682101368904, -0.009944112040102482, -0.00876954197883606, -0.007594971917569637, -0.006420401856303215, -0.005245831795036793, -0.0040712617337703705, -0.002896691672503948, -0.001722121611237526, -0.0005475515499711037, 0.0006270222365856171, 0.0018015922978520393, 0.0029761623591184616, 0.004150732420384884, 0.005325302481651306, 0.006499872542917728, 0.007674442604184151, 0.008849012665450573, 0.010023582726716995, 0.011198152787983418, 0.01237272284924984, 0.013547292910516262, 0.014721862971782684, 0.015896432101726532, 0.01707100309431553, 0.018245574086904526, 0.019420143216848373, 0.02059471234679222, 0.021769283339381218, 0.022943854331970215, 0.024118423461914062, 0.02529299259185791, 0.026467563584446907, 0.027642134577035904, 0.02881670370697975, 0.0299912728369236, 0.031165843829512596, 0.03234041482210159, 0.03351498395204544, 0.03468955308198929, 0.035864122211933136, 0.03703869506716728, 0.03821326419711113]}, "gradients/conv2.0.bias": {"_type": "histogram", "values": [1.0, 0.0, 0.0, 0.0, 0.0, 0.0, 0.0, 1.0, 0.0, 0.0, 0.0, 0.0, 0.0, 0.0, 0.0, 0.0, 2.0, 0.0, 1.0, 0.0, 0.0, 0.0, 1.0, 0.0, 0.0, 1.0, 1.0, 0.0, 1.0, 1.0, 1.0, 1.0, 2.0, 3.0, 1.0, 2.0, 2.0, 0.0, 1.0, 0.0, 0.0, 0.0, 1.0, 1.0, 0.0, 1.0, 1.0, 0.0, 0.0, 1.0, 2.0, 0.0, 0.0, 0.0, 0.0, 0.0, 0.0, 1.0, 0.0, 0.0, 0.0, 0.0, 0.0, 1.0], "bins": [-0.023081710562109947, -0.022373398765921593, -0.021665086969733238, -0.020956775173544884, -0.02024846337735653, -0.019540151581168175, -0.01883183978497982, -0.018123527988791466, -0.01741521805524826, -0.016706906259059906, -0.01599859446287155, -0.015290282666683197, -0.014581970870494843, -0.013873660005629063, -0.013165348209440708, -0.012457036413252354, -0.011748723685741425, -0.01104041188955307, -0.010332100093364716, -0.009623788297176361, -0.008915476500988007, -0.008207165636122227, -0.007498853839933872, -0.006790542043745518, -0.006082230247557163, -0.005373918451368809, -0.004665606655180454, -0.003957295324653387, -0.0032489835284650326, -0.002540671732276678, -0.0018323601689189672, -0.0011240484891459346, -0.0004157349467277527, 0.00029257673304528, 0.0010008884128183126, 0.0017092000925913453, 0.002417511772364378, 0.0031258235685527325, 0.0038341351319104433, 0.004542446695268154, 0.005250758491456509, 0.005959070287644863, 0.006667382083833218, 0.007375693414360285, 0.008084004744887352, 0.008792316541075706, 0.009500628337264061, 0.010208940133452415, 0.01091725192964077, 0.011625563725829124, 0.012333875522017479, 0.013042187318205833, 0.013750499114394188, 0.014458809979259968, 0.015167121775448322, 0.01587543450295925, 0.016583744436502457, 0.01729205623269081, 0.018000368028879166, 0.01870867982506752, 0.019416991621255875, 0.02012530341744423, 0.020833615213632584, 0.021541927009820938, 0.022250238806009293]}, "gradients/conv1.0.weight": {"_type": "histogram", "values": [1.0, 0.0, 1.0, 0.0, 1.0, 1.0, 3.0, 1.0, 3.0, 2.0, 1.0, 2.0, 1.0, 1.0, 6.0, 5.0, 5.0, 4.0, 4.0, 6.0, 4.0, 6.0, 7.0, 7.0, 8.0, 6.0, 17.0, 12.0, 19.0, 22.0, 15.0, 10.0, 30.0, 22.0, 14.0, 24.0, 17.0, 17.0, 21.0, 14.0, 10.0, 8.0, 8.0, 4.0, 6.0, 5.0, 4.0, 3.0, 2.0, 1.0, 2.0, 1.0, 1.0, 0.0, 0.0, 1.0, 0.0, 1.0, 0.0, 1.0, 0.0, 0.0, 0.0, 2.0],